,Original_Exceedance_Percentage,LSTM_Exceedance_Percentage
day,18.9520202,0.277777778
evening,3.787878788,3.333333333
night,0.928030303,0.890151515
